Rank,Image,Breed,Size,Energy Level,Trainability Level,Affectionate With Family,Good With Young Children,Good With Other Dogs,Openness To Strangers,Watchdog/Protective Nature,Barking Level,Shedding Level,Image_update
1,https://s3.amazonaws.com/cdn-origin-etr.akc.org/wp-content/uploads/2017/11/01132231/Labrador-Retriever-illustration.jpg,Retrievers (Labrador),large,5,5,5,5,5,5,3,3,4,https://www.akc.org/wp-content/uploads/2017/11/Labrador-Retriever-illustration.jpg
2,https://s3.amazonaws.com/cdn-origin-etr.akc.org/wp-content/uploads/2017/11/12221457/French-Bulldog-Illo-2.jpg,French Bulldogs,small,3,4,5,5,4,5,3,1,3,https://www.akc.org/wp-content/uploads/2017/11/French-Bulldog-Illo-2.jpg
3,https://s3.amazonaws.com/cdn-origin-etr.akc.org/wp-content/uploads/2017/11/12221438/German-Shepherd-Dog-Illo-2.jpg,German Shepherd Dogs,large,5,5,5,5,3,3,5,3,4,https://www.akc.org/wp-content/uploads/2017/11/German-Shepherd-Dog-Illo-2.jpg
4,https://s3.amazonaws.com/cdn-origin-etr.akc.org/wp-content/uploads/2017/11/12221325/Golden-Retriever-Illo-2.jpg,Retrievers (Golden),large,3,5,5,5,5,5,3,1,4,https://www.akc.org/wp-content/uploads/2017/11/Golden-Retriever-Illo-2.jpg
5,https://s3.amazonaws.com/cdn-origin-etr.akc.org/wp-content/uploads/2017/11/12221542/Bulldog-Illo-2.jpg,Bulldogs,medium,3,4,4,3,3,4,3,2,3,https://www.akc.org/wp-content/uploads/2017/11/Bulldog-Illo-2.jpg
6,https://s3.amazonaws.com/cdn-origin-etr.akc.org/wp-content/uploads/2017/11/20202345/Standard-Poodle-illustration.jpg,Poodles,large,4,5,5,5,3,5,5,4,1,https://www.akc.org/wp-content/uploads/2017/11/Standard-Poodle-illustration.jpg
7,https://s3.amazonaws.com/cdn-origin-etr.akc.org/wp-content/uploads/2017/11/12221708/Beagle-Illo-2.jpg,Beagles,small,4,3,3,5,5,3,2,4,3,https://www.akc.org/wp-content/uploads/2017/11/Beagle-Illo-2.jpg
8,https://s3.amazonaws.com/cdn-origin-etr.akc.org/wp-content/uploads/2017/11/12220934/Rottweiler-Illo-2.jpg,Rottweilers,x-large,3,5,5,3,3,3,5,1,3,https://www.akc.org/wp-content/uploads/2017/11/Rottweiler-Illo-2.jpg
9,https://s3.amazonaws.com/cdn-origin-etr.akc.org/wp-content/uploads/2017/11/12221420/German-Shorthaired-Pointer-Illo-2.jpg,Pointers (German Shorthaired),large,5,5,5,5,4,4,4,3,3,https://www.akc.org/wp-content/uploads/2017/11/German-Shorthaired-Pointer-Illo-2.jpg
10,https://s3.amazonaws.com/cdn-origin-etr.akc.org/wp-content/uploads/2017/11/12220655/Dachshund-Illo-2.jpg,Dachshunds,small,3,4,5,3,4,4,4,5,2,https://www.akc.org/wp-content/uploads/2017/11/Dachshund-Illo-2.jpg
11,https://s3.amazonaws.com/cdn-origin-etr.akc.org/wp-content/uploads/2017/11/12221125/Pembroke-Welsh-Corgi-Illo-2.jpg,Pembroke Welsh Corgis,small,4,4,5,3,4,4,5,4,4,https://www.akc.org/wp-content/uploads/2017/11/Pembroke-Welsh-Corgi-Illo-2.jpg
12,https://s3.amazonaws.com/cdn-origin-etr.akc.org/wp-content/uploads/2017/11/12220726/Australian-Shepherd-Illo-2.jpg,Australian Shepherds,large,5,5,3,5,3,3,3,3,3,https://www.akc.org/wp-content/uploads/2017/11/Australian-Shepherd-Illo-2.jpg
13,https://s3.amazonaws.com/cdn-origin-etr.akc.org/wp-content/uploads/2017/11/12221259/Yorkshire-Terrier-Illo-2.jpg,Yorkshire Terriers,small,4,4,5,5,3,5,5,4,1,https://www.akc.org/wp-content/uploads/2017/11/Yorkshire-Terrier-Illo-2.jpg
14,https://s3.amazonaws.com/cdn-origin-etr.akc.org/wp-content/uploads/2017/11/12221647/Boxer-Illo-2.jpg,Boxers,large,4,4,4,5,3,4,4,3,2,https://www.akc.org/wp-content/uploads/2017/11/Boxer-Illo-2.jpg
15,https://s3.amazonaws.com/cdn-origin-etr.akc.org/wp-content/uploads/2017/11/12221314/Great-Dane-Illo-2.jpg,Great Danes,x-large,4,3,5,3,3,3,5,3,3,https://www.akc.org/wp-content/uploads/2017/11/Great-Dane-Illo-2.jpg
16,https://s3.amazonaws.com/cdn-origin-etr.akc.org/wp-content/uploads/2017/11/12220812/Siberian-Husky-Illo.jpg,Siberian Huskies,medium,5,3,5,5,5,5,1,5,4,https://www.akc.org/wp-content/uploads/2017/11/Siberian-Husky-Illo.jpg
17,https://s3.amazonaws.com/cdn-origin-etr.akc.org/wp-content/uploads/2017/11/12221434/Cavalier-King-Charles-Spaniel-illo-2.jpg,Cavalier King Charles Spaniels,small,3,4,5,5,5,4,3,3,2,https://www.akc.org/wp-content/uploads/2017/11/Cavalier-King-Charles-Spaniel-illo-2.jpg
18,https://s3.amazonaws.com/cdn-origin-etr.akc.org/wp-content/uploads/2017/11/01121918/Doberman-Pinscher-illustration.jpg,Doberman Pinschers,large,5,5,5,5,3,4,5,3,4,https://www.akc.org/wp-content/uploads/2017/11/Doberman-Pinscher-illustration.jpg
19,https://s3.amazonaws.com/cdn-origin-etr.akc.org/wp-content/uploads/2017/11/12220901/Miniature-Schnauzer-Illo-2.jpg,Miniature Schnauzers,small,3,5,5,5,3,3,4,5,3,https://www.akc.org/wp-content/uploads/2017/11/Miniature-Schnauzer-Illo-2.jpg
20,https://s3.amazonaws.com/cdn-origin-etr.akc.org/wp-content/uploads/2017/11/12220803/Shih-Tzu-Illo-2.jpg,Shih Tzu,small,3,4,5,5,5,3,3,3,1,https://www.akc.org/wp-content/uploads/2017/11/Shih-Tzu-Illo-2.jpg
21,https://s3.amazonaws.com/cdn-origin-etr.akc.org/wp-content/uploads/2017/11/12221715/Boston-Terrier-Illo-2.jpg,Boston Terriers,small,4,4,5,5,4,5,3,2,2,https://www.akc.org/wp-content/uploads/2017/11/Boston-Terrier-Illo-2.jpg
22,https://s3.amazonaws.com/cdn-origin-etr.akc.org/wp-content/uploads/2017/11/12221511/Bernese-Mountain-Dog-Illo-2.jpg,Bernese Mountain Dogs,x-large,4,4,5,5,5,4,3,3,5,https://www.akc.org/wp-content/uploads/2017/11/Bernese-Mountain-Dog-Illo-2.jpg
23,https://s3.amazonaws.com/cdn-origin-etr.akc.org/wp-content/uploads/2017/11/12221348/Pomeranian-Illo-2.jpg,Pomeranians,small,3,3,5,3,3,3,4,4,2,https://www.akc.org/wp-content/uploads/2017/11/Pomeranian-Illo-2.jpg
24,https://s3.amazonaws.com/cdn-origin-etr.akc.org/wp-content/uploads/2017/11/12221629/Havanese-Illo-2.jpg,Havanese,small,3,4,5,5,5,5,3,4,2,https://www.akc.org/wp-content/uploads/2017/11/Havanese-Illo-2.jpg
25,https://s3.amazonaws.com/cdn-origin-etr.akc.org/wp-content/uploads/2017/11/12221452/Cane-Corso-Illo-2.jpg,Cane Corso,x-large,4,4,4,3,3,3,5,3,2,https://www.akc.org/wp-content/uploads/2017/11/Cane-Corso-Illo-2.jpg
26,https://s3.amazonaws.com/cdn-origin-etr.akc.org/wp-content/uploads/2017/11/12221655/English-Springer-Spaniel-Illo-2.jpg,Spaniels (English Springer),medium,4,5,5,3,4,4,3,3,3,https://www.akc.org/wp-content/uploads/2017/11/English-Springer-Spaniel-Illo-2.jpg
27,https://s3.amazonaws.com/cdn-origin-etr.akc.org/wp-content/uploads/2017/11/12220758/Shetland-Sheepdog-Illo-2.jpg,Shetland Sheepdogs,small,4,5,5,5,5,2,5,5,3,https://www.akc.org/wp-content/uploads/2017/11/Shetland-Sheepdog-Illo-2.jpg
28,https://s3.amazonaws.com/cdn-origin-etr.akc.org/wp-content/uploads/2017/11/12221611/Brittany-Illo-2.jpg,Brittanys,medium,5,5,3,4,4,3,3,3,3,https://www.akc.org/wp-content/uploads/2017/11/Brittany-Illo-2.jpg
29,https://s3.amazonaws.com/cdn-origin-etr.akc.org/wp-content/uploads/2017/11/12221204/Pug-Illo-2.jpg,Pugs,small,3,4,5,5,4,5,3,1,4,https://www.akc.org/wp-content/uploads/2017/11/Pug-Illo-2.jpg
30,https://s3.amazonaws.com/cdn-origin-etr.akc.org/wp-content/uploads/2017/11/12220625/Cocker-Spaniel-Illo-2.jpg,Spaniels (Cocker),small,4,4,4,5,5,4,3,3,3,https://www.akc.org/wp-content/uploads/2017/11/Cocker-Spaniel-Illo-2.jpg
31,https://s3.amazonaws.com/cdn-origin-etr.akc.org/wp-content/uploads/2017/11/01135722/Miniature-American-Shepherd-illustration.jpg,Miniature American Shepherds,medium,5,5,5,5,5,3,3,3,3,https://www.akc.org/wp-content/uploads/2017/11/Miniature-American-Shepherd-illustration.jpg
32,https://s3.amazonaws.com/cdn-origin-etr.akc.org/wp-content/uploads/2017/11/12221417/Border-Collie-Illo-2.jpg,Border Collies,medium,5,5,5,3,3,4,3,4,3,https://www.akc.org/wp-content/uploads/2017/11/Border-Collie-Illo-2.jpg
33,https://s3.amazonaws.com/cdn-origin-etr.akc.org/wp-content/uploads/2017/11/12221315/Mastiff-Illo-2.jpg,Mastiffs,x-large,3,3,5,5,3,3,5,1,3,https://www.akc.org/wp-content/uploads/2017/11/Mastiff-Illo-2.jpg
34,https://s3.amazonaws.com/cdn-origin-etr.akc.org/wp-content/uploads/2017/11/12221415/Chihuahua-Illo-2.jpg,Chihuahuas,small,4,3,4,1,3,2,4,5,2,https://www.akc.org/wp-content/uploads/2017/11/Chihuahua-Illo-2.jpg
35,https://s3.amazonaws.com/cdn-origin-etr.akc.org/wp-content/uploads/2017/11/12221142/Vizsla-Illo-2.jpg,Vizslas,medium,5,5,5,5,4,4,3,3,3,https://www.akc.org/wp-content/uploads/2017/11/Vizsla-Illo-2.jpg
36,https://s3.amazonaws.com/cdn-origin-etr.akc.org/wp-content/uploads/2017/11/12221722/Basset-Hound-Illo-2.jpg,Basset Hounds,large,2,3,3,5,5,3,3,4,2,https://www.akc.org/wp-content/uploads/2017/11/Basset-Hound-Illo-2.jpg
37,https://s3.amazonaws.com/cdn-origin-etr.akc.org/wp-content/uploads/2017/11/12221608/Belgian-Malinois-Illo-2.jpg,Belgian Malinois,large,4,5,3,3,3,3,4,3,3,https://www.akc.org/wp-content/uploads/2017/11/Belgian-Malinois-Illo-2.jpg
38,https://s3.amazonaws.com/cdn-origin-etr.akc.org/wp-content/uploads/2017/11/12221334/Maltese-Illo-2.jpg,Maltese,small,3,3,5,3,3,3,4,3,1,https://www.akc.org/wp-content/uploads/2017/11/Maltese-Illo-2.jpg
39,https://s3.amazonaws.com/cdn-origin-etr.akc.org/wp-content/uploads/2017/11/12221144/Weimaraner-Illo.jpg,Weimaraners,large,5,5,5,5,3,3,5,3,3,https://www.akc.org/wp-content/uploads/2017/11/Weimaraner-Illo.jpg
40,https://s3.amazonaws.com/cdn-origin-etr.akc.org/wp-content/uploads/2017/11/12220633/Collie-Illo-2.jpg,Collies,large,3,4,4,5,3,3,3,5,3,https://www.akc.org/wp-content/uploads/2017/11/Collie-Illo-2.jpg
41,https://s3.amazonaws.com/cdn-origin-etr.akc.org/wp-content/uploads/2017/11/12220854/Newfoundland-Illo-2.jpg,Newfoundlands,x-large,3,3,5,5,5,5,5,1,3,https://www.akc.org/wp-content/uploads/2017/11/Newfoundland-Illo-2.jpg
42,https://s3.amazonaws.com/cdn-origin-etr.akc.org/wp-content/uploads/2017/11/12221011/Rhodesian-Ridgeback-Illo-2.jpg,Rhodesian Ridgebacks,large,3,4,5,5,3,3,5,2,3,https://www.akc.org/wp-content/uploads/2017/11/Rhodesian-Ridgeback-Illo-2.jpg
43,https://s3.amazonaws.com/cdn-origin-etr.akc.org/wp-content/uploads/2017/11/12220800/Shiba-Inu-Illo-2.jpg,Shiba Inu,small,3,2,5,3,3,3,5,3,3,https://www.akc.org/wp-content/uploads/2017/11/Shiba-Inu-Illo-2.jpg
44,https://s3.amazonaws.com/cdn-origin-etr.akc.org/wp-content/uploads/2017/11/12221200/West-Highland-White-Terrier-Illo-2.jpg,West Highland White Terriers,small,4,3,5,5,3,4,5,5,3,https://www.akc.org/wp-content/uploads/2017/11/West-Highland-White-Terrier-Illo-2.jpg
45,https://s3.amazonaws.com/cdn-origin-etr.akc.org/wp-content/uploads/2017/11/12221506/Bichon-Frise-Illo-2.jpg,Bichons Frises,small,4,4,5,5,5,5,2,3,1,https://www.akc.org/wp-content/uploads/2017/11/Bichon-Frise-Illo-2.jpg
46,https://s3.amazonaws.com/cdn-origin-etr.akc.org/wp-content/uploads/2017/11/12221449/Bloodhound-Illo-2.jpg,Bloodhounds,large,3,4,4,3,3,3,2,5,3,https://www.akc.org/wp-content/uploads/2017/11/Bloodhound-Illo-2.jpg
47,https://s3.amazonaws.com/cdn-origin-etr.akc.org/wp-content/uploads/2017/11/14123357/English-Cocker-Spaniel-illustration.jpg,Spaniels (English Cocker),small,3,4,5,5,5,4,3,3,3,https://www.akc.org/wp-content/uploads/2017/11/English-Cocker-Spaniel-illustration.jpg
48,https://s3.amazonaws.com/cdn-origin-etr.akc.org/wp-content/uploads/2017/11/12221726/Akita-Illo-3.jpg,Akitas,large,4,3,3,3,1,2,5,2,3,https://www.akc.org/wp-content/uploads/2017/11/Akita-Illo-3.jpg
49,https://s3.amazonaws.com/cdn-origin-etr.akc.org/wp-content/uploads/2017/11/12221212/Portuguese-Water-Dog-Illo-2.jpg,Portuguese Water Dogs,medium,5,5,5,5,4,4,4,3,2,https://www.akc.org/wp-content/uploads/2017/11/Portuguese-Water-Dog-Illo-2.jpg
50,https://s3.amazonaws.com/cdn-origin-etr.akc.org/wp-content/uploads/2017/11/12221422/Chesapeake-Bay-Retriever-Illo-2.jpg,Retrievers (Chesapeake Bay),large,4,5,4,3,3,3,4,3,3,https://www.akc.org/wp-content/uploads/2017/11/Chesapeake-Bay-Retriever-Illo-2.jpg
51,https://s3.amazonaws.com/cdn-origin-etr.akc.org/wp-content/uploads/2017/11/12220658/Dalmatian-Illo-2.jpg,Dalmatians,large,4,4,5,3,3,4,4,3,4,https://www.akc.org/wp-content/uploads/2017/11/Dalmatian-Illo-2.jpg
52,https://s3.amazonaws.com/cdn-origin-etr.akc.org/wp-content/uploads/2017/11/12220716/Saint-Bernard-Illo-3.jpg,St. Bernards,x-large,3,3,5,5,3,3,5,1,3,https://www.akc.org/wp-content/uploads/2017/11/Saint-Bernard-Illo-3.jpg
53,https://s3.amazonaws.com/cdn-origin-etr.akc.org/wp-content/uploads/2017/11/12221311/Papillon-Illo-2.jpg,Papillons,small,4,5,5,5,3,5,4,5,3,https://www.akc.org/wp-content/uploads/2017/11/Papillon-Illo-2.jpg
54,https://s3.amazonaws.com/cdn-origin-etr.akc.org/wp-content/uploads/2017/11/12220732/Australian-Cattle-Dog-Illo-2.jpg,Australian Cattle Dogs,medium,5,4,3,3,3,3,4,1,3,https://www.akc.org/wp-content/uploads/2017/11/Australian-Cattle-Dog-Illo-2.jpg
55,https://s3.amazonaws.com/cdn-origin-etr.akc.org/wp-content/uploads/2017/11/12221529/Bullmastiff-Illo-2.jpg,Bullmastiffs,x-large,4,4,4,3,3,3,5,1,3,https://www.akc.org/wp-content/uploads/2017/11/Bullmastiff-Illo-2.jpg
56,https://s3.amazonaws.com/cdn-origin-etr.akc.org/wp-content/uploads/2017/11/12220829/Samoyed-illo.jpg,Samoyeds,large,4,4,5,5,3,5,4,5,3,https://www.akc.org/wp-content/uploads/2017/11/Samoyed-illo.jpg
57,https://s3.amazonaws.com/cdn-origin-etr.akc.org/wp-content/uploads/2017/11/12220816/Scottish-Terrier-Illo-2.jpg,Scottish Terriers,small,3,3,5,3,2,3,5,4,2,https://www.akc.org/wp-content/uploads/2017/11/Scottish-Terrier-Illo-2.jpg
58,https://s3.amazonaws.com/cdn-origin-etr.akc.org/wp-content/uploads/2017/11/12220936/Soft-Coated-Wheaten-Terrier-Illo.jpg,Soft Coated Wheaten Terriers,medium,4,3,5,5,3,3,3,3,1,https://www.akc.org/wp-content/uploads/2017/11/Soft-Coated-Wheaten-Terrier-Illo.jpg
59,https://s3.amazonaws.com/cdn-origin-etr.akc.org/wp-content/uploads/2017/11/12221210/Whippet-Illo-2.jpg,Whippets,medium,4,3,5,5,5,3,3,1,2,https://www.akc.org/wp-content/uploads/2017/11/Whippet-Illo-2.jpg
60,https://s3.amazonaws.com/cdn-origin-etr.akc.org/wp-content/uploads/2017/11/12221403/German-Wirehaired-Pointer-Illo-2.jpg,Pointers (German Wirehaired),large,5,5,5,3,3,4,3,3,2,https://www.akc.org/wp-content/uploads/2017/11/German-Wirehaired-Pointer-Illo-2.jpg
61,https://s3.amazonaws.com/cdn-origin-etr.akc.org/wp-content/uploads/2017/11/12221440/Chinese-Shar-Pei-Illo-2.jpg,Chinese Shar-Pei,medium,3,3,4,3,3,3,4,3,3,https://www.akc.org/wp-content/uploads/2017/11/Chinese-Shar-Pei-Illo-2.jpg
62,https://s3.amazonaws.com/cdn-origin-etr.akc.org/wp-content/uploads/2017/11/12221605/Airedale-Terrier-Illo-3.jpg,Airedale Terriers,large,3,3,3,3,3,3,5,3,1,https://www.akc.org/wp-content/uploads/2017/11/Airedale-Terrier-illustration.jpg
63,https://s3.amazonaws.com/cdn-origin-etr.akc.org/wp-content/uploads/2017/11/12221242/Wirehaired-Pointing-Griffon-Illo-2.jpg,Wirehaired Pointing Griffons,large,5,5,5,5,3,5,3,3,3,https://www.akc.org/wp-content/uploads/2017/11/Wirehaired-Pointing-Griffon-Illo-2.jpg
64,https://s3.amazonaws.com/cdn-origin-etr.akc.org/wp-content/uploads/2017/11/12221550/Bull-Terrrier-Illo.jpg,Bull Terriers,large,4,3,4,3,1,4,3,3,3,https://www.akc.org/wp-content/uploads/2017/11/Bull-Terrrier-Illo.jpg
65,https://s3.amazonaws.com/cdn-origin-etr.akc.org/wp-content/uploads/2017/11/12221626/Alaskan-Malamute-Illo-2.jpg,Alaskan Malamutes,large,4,5,3,3,3,3,4,3,3,https://www.akc.org/wp-content/uploads/2017/11/Alaskan-Malamute-Illo-2.jpg
66,https://s3.amazonaws.com/cdn-origin-etr.akc.org/wp-content/uploads/2019/03/22124829/Cardigan-Welsh-Corgi-Illo-2.jpg,Cardigan Welsh Corgis,medium,4,4,4,4,3,4,3,5,3,https://www.akc.org/wp-content/uploads/2019/03/Cardigan-Welsh-Corgi-Illo-2.jpg
67,https://s3.amazonaws.com/cdn-origin-etr.akc.org/wp-content/uploads/2017/11/12221337/Giant-Schnauzer-Illo-2.jpg,Giant Schnauzers,large,5,5,5,3,3,3,5,3,3,https://www.akc.org/wp-content/uploads/2017/11/Giant-Schnauzer-Illo-2.jpg
68,https://s3.amazonaws.com/cdn-origin-etr.akc.org/wp-content/uploads/2017/11/12220838/Old-English-Sheepdog-Illo-2.jpg,Old English Sheepdogs,medium,3,4,5,5,3,3,4,3,3,https://www.akc.org/wp-content/uploads/2017/11/Old-English-Sheepdog-Illo-2.jpg
69,https://s3.amazonaws.com/cdn-origin-etr.akc.org/wp-content/uploads/2017/11/12221130/Italian-Greyhound-Illo-2.jpg,Italian Greyhounds,small,3,4,5,3,5,5,3,3,3,https://www.akc.org/wp-content/uploads/2017/11/Italian-Greyhound-Illo-2.jpg
70,https://s3.amazonaws.com/cdn-origin-etr.akc.org/wp-content/uploads/2017/11/12221309/Great-Pyrenees-Illo-2.jpg,Great Pyrenees,large,3,3,5,3,3,3,5,3,3,https://www.akc.org/wp-content/uploads/2017/11/Great-Pyrenees-Illo-2.jpg
71,https://s3.amazonaws.com/cdn-origin-etr.akc.org/wp-content/uploads/2017/11/12220708/Dogue-de-Bordeaux-Illo-2.jpg,Dogues de Bordeaux,x-large,3,4,5,3,3,3,5,3,4,https://www.akc.org/wp-content/uploads/2017/11/Dogue-de-Bordeaux-Illo-2.jpg
72,https://s3.amazonaws.com/cdn-origin-etr.akc.org/wp-content/uploads/2017/11/20134306/Russell-Terrier-illustration.jpg,Russell Terriers,small,5,3,5,3,5,5,4,4,3,https://www.akc.org/wp-content/uploads/2017/11/Russell-Terrier-illustration.jpg
73,https://s3.amazonaws.com/cdn-origin-etr.akc.org/wp-content/uploads/2017/11/12221513/Cairn-Terrier-Illo-2.jpg,Cairn Terriers,small,3,3,4,3,3,3,4,4,2,https://www.akc.org/wp-content/uploads/2017/11/Cairn-Terrier-Illo-2.jpg
74,https://s3.amazonaws.com/cdn-origin-etr.akc.org/wp-content/uploads/2017/11/12221139/Irish-Wolfhound-Illo-2.jpg,Irish Wolfhounds,x-large,3,3,5,3,4,3,5,1,3,https://www.akc.org/wp-content/uploads/2017/11/Irish-Wolfhound-Illo-2.jpg
75,https://s3.amazonaws.com/cdn-origin-etr.akc.org/wp-content/uploads/2017/11/12221206/Irish_Setter-Illo.jpg,Setters (Irish),large,5,4,5,5,5,5,3,3,3,https://www.akc.org/wp-content/uploads/2017/11/Irish_Setter-Illo.jpg
76,https://s3.amazonaws.com/cdn-origin-etr.akc.org/wp-content/uploads/2017/11/12221720/Greater-Swiss-Mountain-Dog-Illo-2.jpg,Greater Swiss Mountain Dogs,large,4,4,5,5,3,5,4,3,3,https://www.akc.org/wp-content/uploads/2017/11/Greater-Swiss-Mountain-Dog-Illo-2.jpg
77,https://s3.amazonaws.com/cdn-origin-etr.akc.org/wp-content/uploads/2017/11/12220903/Miniature-Pinscher-Illo-2.jpg,Miniature Pinschers,small,5,3,5,3,4,3,5,5,3,https://www.akc.org/wp-content/uploads/2017/11/Miniature-Pinscher-Illo-2.jpg
78,https://s3.amazonaws.com/cdn-origin-etr.akc.org/wp-content/uploads/2017/11/12221657/Lhasa-Apso-Illo-2.jpg,Lhasa Apsos,small,3,3,5,3,3,3,5,3,1,https://www.akc.org/wp-content/uploads/2017/11/Lhasa-Apso-Illo-2.jpg
79,https://s3.amazonaws.com/cdn-origin-etr.akc.org/wp-content/uploads/2017/11/12221411/Chinese-Crested-Illo-2.jpg,Chinese Crested,small,3,4,4,3,3,4,3,3,1,https://www.akc.org/wp-content/uploads/2017/11/Chinese-Crested-Illo-2.jpg
80,https://s3.amazonaws.com/cdn-origin-etr.akc.org/wp-content/uploads/2017/11/12220640/Coton-de-Tulear-Illo-2.jpg,Coton de Tulear,small,3,4,5,5,5,5,3,1,2,https://www.akc.org/wp-content/uploads/2017/11/Coton-de-Tulear-Illo-2.jpg
81,https://s3.amazonaws.com/cdn-origin-etr.akc.org/wp-content/uploads/2017/11/12221035/Staffordshire-Bull-Terrier-Illo-2.jpg,Staffordshire Bull Terriers,medium,4,5,5,5,3,4,5,3,2,https://www.akc.org/wp-content/uploads/2017/11/Staffordshire-Bull-Terrier-Illo-2.jpg
82,https://s3.amazonaws.com/cdn-origin-etr.akc.org/wp-content/uploads/2017/11/30172841/American-Staffordshire-Terrier-illustration.jpg,American Staffordshire Terriers,large,3,3,5,3,3,4,5,3,2,https://www.akc.org/wp-content/uploads/2017/11/American-Staffordshire-Terrier-illustration.jpg
83,https://s3.amazonaws.com/cdn-origin-etr.akc.org/wp-content/uploads/2017/11/12221101/Rat-Terrier-Illo-2.jpg,Rat Terriers,small,4,5,5,5,3,5,4,3,3,https://www.akc.org/wp-content/uploads/2017/11/Rat-Terrier-Illo-2.jpg
84,https://s3.amazonaws.com/cdn-origin-etr.akc.org/wp-content/uploads/2017/11/12221240/Chow-Chow-Illo-2.jpg,Chow Chows,large,3,3,4,3,2,2,5,1,3,https://www.akc.org/wp-content/uploads/2017/11/Chow-Chow-Illo-2.jpg
85,https://s3.amazonaws.com/cdn-origin-etr.akc.org/wp-content/uploads/2017/11/12220738/Anatolian-Shepherd-Dog-Illo-2.jpg,Anatolian Shepherd Dogs,large,3,2,1,3,3,1,5,3,3,https://www.akc.org/wp-content/uploads/2017/11/Anatolian-Shepherd-Dog-Illo-2.jpg
86,https://s3.amazonaws.com/cdn-origin-etr.akc.org/wp-content/uploads/2017/11/12220718/Basenji-Illo-2.jpg,Basenjis,small,4,2,3,3,3,3,3,1,2,https://www.akc.org/wp-content/uploads/2017/11/Basenji-Illo-2.jpg
87,https://s3.amazonaws.com/cdn-origin-etr.akc.org/wp-content/uploads/2017/11/12221633/Boykin-Spaniel-Illo-2.jpg,Spaniels (Boykin),medium,4,4,3,5,5,3,3,3,3,https://www.akc.org/wp-content/uploads/2017/11/Boykin-Spaniel-Illo-2.jpg
88,https://s3.amazonaws.com/cdn-origin-etr.akc.org/wp-content/uploads/2017/11/30171326/Lagotto-Romagnolo-illustration.jpg,Lagotti Romagnoli,small,4,4,5,3,5,4,3,2,1,https://www.akc.org/wp-content/uploads/2017/11/Lagotto-Romagnolo-illustration.jpg
89,https://s3.amazonaws.com/cdn-origin-etr.akc.org/wp-content/uploads/2017/11/12221602/Brussels-Griffon-Illo-2.jpg,Brussels Griffons,small,3,4,4,3,3,4,3,4,3,https://www.akc.org/wp-content/uploads/2017/11/Brussels-Griffon-Illo-2.jpg
90,https://s3.amazonaws.com/cdn-origin-etr.akc.org/wp-content/uploads/2017/11/12220841/Nova-Scotia-Duck-Tolling-Retriever-Illo-2.jpg,Retrievers (Nova Scotia Duck Tolling),medium,5,5,5,5,4,3,3,2,3,https://www.akc.org/wp-content/uploads/2017/11/Nova-Scotia-Duck-Tolling-Retriever-Illo-2.jpg
91,https://s3.amazonaws.com/cdn-origin-etr.akc.org/wp-content/uploads/2017/11/12220847/Norwegian-Elkhound-Illo-2.jpg,Norwegian Elkhounds,medium,4,4,5,3,3,4,5,4,3,https://www.akc.org/wp-content/uploads/2017/11/Norwegian-Elkhound-Illo-2.jpg
92,https://s3.amazonaws.com/cdn-origin-etr.akc.org/wp-content/uploads/2017/11/01152719/Standard-Schnauzer-illustration.jpg,Standard Schnauzers,medium,3,5,5,5,3,3,5,3,1,https://www.akc.org/wp-content/uploads/2017/11/Standard-Schnauzer-illustration.jpg
93,https://s3.amazonaws.com/cdn-origin-etr.akc.org/wp-content/uploads/2017/11/02153339/Dogo-Argentino-illustration.jpg,Dogo Argentinos,large,5,5,5,3,3,4,5,3,4,https://www.akc.org/wp-content/uploads/2017/11/Dogo-Argentino-illustration.jpg
94,https://s3.amazonaws.com/cdn-origin-etr.akc.org/wp-content/uploads/2017/11/12221704/Bouvier-des-Flandres-Illo-2.jpg,Bouviers des Flandres,large,4,4,3,3,3,3,4,3,3,https://www.akc.org/wp-content/uploads/2017/11/Bouvier-des-Flandres-Illo-2.jpg
95,https://s3.amazonaws.com/cdn-origin-etr.akc.org/wp-content/uploads/2017/11/12221136/Pekingese-Illo-2.jpg,Pekingese,small,3,3,5,3,3,3,4,1,3,https://www.akc.org/wp-content/uploads/2017/11/Pekingese-Illo-2.jpg
96,https://s3.amazonaws.com/cdn-origin-etr.akc.org/wp-content/uploads/2017/11/12221028/Keeshond-Illo-2.jpg,Keeshonden,medium,4,5,5,5,5,5,5,4,3,https://www.akc.org/wp-content/uploads/2017/11/Keeshond-Illo-2.jpg
97,https://s3.amazonaws.com/cdn-origin-etr.akc.org/wp-content/uploads/2017/11/12221413/Border-Terrier-Illo-2.jpg,Border Terriers,small,3,4,4,5,3,4,3,3,2,https://www.akc.org/wp-content/uploads/2017/11/Border-Terrier-Illo-2.jpg
98,https://s3.amazonaws.com/cdn-origin-etr.akc.org/wp-content/uploads/2017/11/01133128/Leonberger-illustration.jpg,Leonbergers,large,3,5,5,5,3,5,4,3,4,https://www.akc.org/wp-content/uploads/2017/11/Leonberger-illustration.jpg
99,https://s3.amazonaws.com/cdn-origin-etr.akc.org/wp-content/uploads/2017/11/12221108/Tibetan-Terrier-Illo-2.jpg,Tibetan Terriers,small,4,3,5,3,3,3,4,3,3,https://www.akc.org/wp-content/uploads/2017/11/Tibetan-Terrier-Illo-2.jpg
100,https://s3.amazonaws.com/cdn-origin-etr.akc.org/wp-content/uploads/2017/11/12220858/Neapolitan-Mastiff-Illo-2.jpg,Neapolitan Mastiffs,x-large,2,3,3,3,3,3,5,1,3,https://www.akc.org/wp-content/uploads/2017/11/Neapolitan-Mastiff-Illo-2.jpg
101,https://s3.amazonaws.com/cdn-origin-etr.akc.org/wp-content/uploads/2017/11/12221702/English-Setter-Illo-2.jpg,Setters (English),large,3,4,5,4,4,4,3,3,3,https://www.akc.org/wp-content/uploads/2017/11/English-Setter-Illo-2.jpg
102,https://s3.amazonaws.com/cdn-origin-etr.akc.org/wp-content/uploads/2017/11/12221504/Flat-Coated-Retriever-Illo-2.jpg,Retrievers (Flat-Coated),large,5,5,5,5,5,5,3,3,3,https://www.akc.org/wp-content/uploads/2017/11/Flat-Coated-Retriever-Illo-2.jpg
103,https://s3.amazonaws.com/cdn-origin-etr.akc.org/wp-content/uploads/2017/11/12221306/Borzoi-Illo-2.jpg,Borzois,large,4,2,3,3,3,3,3,2,3,https://www.akc.org/wp-content/uploads/2017/11/Borzoi-Illo-2.jpg
104,https://s3.amazonaws.com/cdn-origin-etr.akc.org/wp-content/uploads/2017/11/02105556/Wire-Fox-Terrier-illustration.jpg,Fox Terriers (Wire),small,4,4,5,5,3,5,4,4,2,https://www.akc.org/wp-content/uploads/2017/11/Wire-Fox-Terrier-illustration.jpg
105,https://s3.amazonaws.com/cdn-origin-etr.akc.org/wp-content/uploads/2017/11/12221301/Miniature-Bull-Terrier-Illo-2.jpg,Miniature Bull Terriers,small,4,3,5,3,3,3,4,5,2,https://www.akc.org/wp-content/uploads/2017/11/Miniature-Bull-Terrier-Illo-2.jpg
106,https://s3.amazonaws.com/cdn-origin-etr.akc.org/wp-content/uploads/2017/11/12221539/Belgian-Tervuren-Illo-2.jpg,Belgian Tervuren,large,4,5,3,3,3,3,4,3,3,https://www.akc.org/wp-content/uploads/2017/11/Belgian-Tervuren-Illo-2.jpg
107,https://s3.amazonaws.com/cdn-origin-etr.akc.org/wp-content/uploads/2017/11/01125722/Gordon-Setter-illustration.jpg,Setters (Gordon),large,5,5,5,3,3,3,4,3,3,https://www.akc.org/wp-content/uploads/2017/11/Gordon-Setter-illustration.jpg
108,https://s3.amazonaws.com/cdn-origin-etr.akc.org/wp-content/uploads/2017/11/12220814/Silky-Terrier-Illo.jpg,Silky Terriers,small,3,4,5,3,3,4,5,4,2,https://www.akc.org/wp-content/uploads/2017/11/Silky-Terrier-Illo.jpg
109,https://s3.amazonaws.com/cdn-origin-etr.akc.org/wp-content/uploads/2017/11/11233646/Norwich-Terrier-illustration.jpg,Norwich Terriers,small,4,3,5,5,3,5,4,4,3,https://www.akc.org/wp-content/uploads/2017/11/Norwich-Terrier-illustration.jpg
110,https://s3.amazonaws.com/cdn-origin-etr.akc.org/wp-content/uploads/2017/11/12221019/Spinone-Italiano-Illo.jpg,Spinoni Italiani,large,3,4,5,3,4,3,3,2,3,https://www.akc.org/wp-content/uploads/2017/11/Spinone-Italiano-Illo.jpg
111,https://s3.amazonaws.com/cdn-origin-etr.akc.org/wp-content/uploads/2017/11/12215815/Japanese-Chin-Illo-3.jpg,Japanese Chin,small,3,3,5,3,5,3,3,2,3,https://www.akc.org/wp-content/uploads/2017/11/Japanese-Chin-Illo-3.jpg
112,https://s3.amazonaws.com/cdn-origin-etr.akc.org/wp-content/uploads/2017/11/12221158/Welsh-Terrier-Illo.jpg,Welsh Terriers,small,4,4,5,5,3,5,4,4,2,https://www.akc.org/wp-content/uploads/2017/11/Welsh-Terrier-Illo.jpg
113,https://s3.amazonaws.com/cdn-origin-etr.akc.org/wp-content/uploads/2017/11/12221123/Toy-Fox-Terrier-Illo.jpg,Toy Fox Terriers,NA,4,5,5,3,3,5,5,4,3,https://www.akc.org/wp-content/uploads/2017/11/Toy-Fox-Terrier-Illo.jpg
114,https://s3.amazonaws.com/cdn-origin-etr.akc.org/wp-content/uploads/2017/11/12220826/Schipperke-Illo-2.jpg,Schipperkes,small,3,4,5,3,3,3,5,4,3,https://www.akc.org/wp-content/uploads/2017/11/Schipperke-Illo-2.jpg
115,https://s3.amazonaws.com/cdn-origin-etr.akc.org/wp-content/uploads/2017/11/01142401/Parson-Russell-Terrier-illustration.jpg,Parson Russell Terriers,small,5,4,5,3,5,3,3,3,2,https://www.akc.org/wp-content/uploads/2017/11/Parson-Russell-Terrier-illustration.jpg
116,https://s3.amazonaws.com/cdn-origin-etr.akc.org/wp-content/uploads/2017/11/12221054/Pointer-Illo-2.jpg,Pointers,large,4,5,5,3,5,4,3,3,3,https://www.akc.org/wp-content/uploads/2017/11/Pointer-Illo-2.jpg
117,https://s3.amazonaws.com/cdn-origin-etr.akc.org/wp-content/uploads/2017/11/12221552/Belgian-Sheepdog-Illo-2.jpg,Belgian Sheepdogs,large,4,5,3,3,3,3,4,3,3,https://www.akc.org/wp-content/uploads/2017/11/Belgian-Sheepdog-Illo-2.jpg
118,https://s3.amazonaws.com/cdn-origin-etr.akc.org/wp-content/uploads/2017/11/12221059/Tibetan-Spaniel-Illo.jpg,Tibetan Spaniels,small,3,3,5,5,3,4,4,3,3,https://www.akc.org/wp-content/uploads/2017/11/Tibetan-Spaniel-Illo.jpg
119,https://s3.amazonaws.com/cdn-origin-etr.akc.org/wp-content/uploads/2017/11/12221535/American-Eskimo-Dog-Illo-2.jpg,American Eskimo Dogs,small,4,4,5,5,3,5,3,3,3,https://www.akc.org/wp-content/uploads/2017/11/American-Eskimo-Dog-Illo-2.jpg
120,https://s3.amazonaws.com/cdn-origin-etr.akc.org/wp-content/uploads/2017/11/12221156/Irish-Terrier-Illo-2.jpg,Irish Terriers,small,3,3,5,5,1,3,5,3,2,https://www.akc.org/wp-content/uploads/2017/11/Irish-Terrier-Illo-2.jpg
121,https://s3.amazonaws.com/cdn-origin-etr.akc.org/wp-content/uploads/2017/11/12221641/Beauceron-Illo-2.jpg,Beaucerons,large,5,3,3,3,3,2,4,3,4,https://www.akc.org/wp-content/uploads/2017/11/Beauceron-Illo-2.jpg
122,https://s3.amazonaws.com/cdn-origin-etr.akc.org/wp-content/uploads/2017/11/12221816/Afghan-Hound-Illo-2.jpg,Afghan Hounds,medium,4,1,3,3,3,3,3,3,1,https://www.akc.org/wp-content/uploads/2017/11/Afghan-Hound-illustration.jpg
123,https://s3.amazonaws.com/cdn-origin-etr.akc.org/wp-content/uploads/2017/11/12221425/Boerboel-Illo-2.jpg,Boerboels,x-large,3,4,5,4,2,3,5,3,3,https://www.akc.org/wp-content/uploads/2017/11/Boerboel-Illo-2.jpg
124,https://s3.amazonaws.com/cdn-origin-etr.akc.org/wp-content/uploads/2017/11/12220930/Smooth-Fox-Terrier-Illo.jpg,Fox Terriers (Smooth),small,4,3,5,3,3,3,5,5,3,https://www.akc.org/wp-content/uploads/2017/11/Smooth-Fox-Terrier-Illo.jpg
125,https://s3.amazonaws.com/cdn-origin-etr.akc.org/wp-content/uploads/2017/11/12221652/Bearded-Collie-Illo-2.jpg,Bearded Collies,medium,4,3,4,5,5,4,3,5,3,https://www.akc.org/wp-content/uploads/2017/11/Bearded-Collie-Illo-2.jpg
126,https://s3.amazonaws.com/cdn-origin-etr.akc.org/wp-content/uploads/2017/11/12215817/Black-Russian-Terrier-Illo-3.jpg,Black Russian Terriers,large,4,4,3,3,3,2,5,3,3,https://www.akc.org/wp-content/uploads/2017/11/Black-Russian-Terrier-Illo-3.jpg
127,https://s3.amazonaws.com/cdn-origin-etr.akc.org/wp-content/uploads/2017/11/12221459/Black-And-Tan-Coonhound-Illo.jpg,Black and Tan Coonhounds,large,3,3,4,5,5,3,2,4,3,https://www.akc.org/wp-content/uploads/2017/11/Black-And-Tan-Coonhound-Illo.jpg
128,https://s3.amazonaws.com/cdn-origin-etr.akc.org/wp-content/uploads/2017/11/12221148/Welsh-Springer-Spaniel-Illo-2.jpg,Spaniels (Welsh Springer),medium,4,5,5,5,4,1,3,3,3,https://www.akc.org/wp-content/uploads/2017/11/Welsh-Springer-Spaniel-Illo-2.jpg
129,https://s3.amazonaws.com/cdn-origin-etr.akc.org/wp-content/uploads/2017/11/30171029/American-Hairless-Terrier-illustration.jpg,American Hairless Terriers,small,3,5,5,5,3,3,3,3,1,https://www.akc.org/wp-content/uploads/2017/11/American-Hairless-Terrier-illustration.jpg
130,https://s3.amazonaws.com/cdn-origin-etr.akc.org/wp-content/uploads/2017/11/12220851/Norfolk-Terrier-Illo-2.jpg,Norfolk Terriers,small,4,3,5,5,3,5,4,4,3,https://www.akc.org/wp-content/uploads/2017/11/Norfolk-Terrier-Illo-2.jpg
131,https://s3.amazonaws.com/cdn-origin-etr.akc.org/wp-content/uploads/2017/11/12221253/Xoloitzcuintli-Illo.jpg,Xoloitzcuintli,medium,4,4,5,3,3,3,3,3,1,https://www.akc.org/wp-content/uploads/2017/11/Xoloitzcuintli-Illo.jpg
132,https://s3.amazonaws.com/cdn-origin-etr.akc.org/wp-content/uploads/2017/11/08162652/Standard-Manchester-Terrier-illustration.jpg,Manchester Terriers,small,4,4,5,4,3,3,4,4,2,https://www.akc.org/wp-content/uploads/2017/11/Standard-Manchester-Terrier-illustration.jpg
133,https://s3.amazonaws.com/cdn-origin-etr.akc.org/wp-content/uploads/2017/11/12221014/Kerry-Blue-Terrier-Illo-2.jpg,Kerry Blue Terriers,medium,4,3,5,4,2,3,5,4,1,https://www.akc.org/wp-content/uploads/2017/11/Kerry-Blue-Terrier-Illo-2.jpg
134,https://s3.amazonaws.com/cdn-origin-etr.akc.org/wp-content/uploads/2017/11/12220720/Australian-Terrier-Illo-2.jpg,Australian Terriers,small,4,4,3,5,3,3,4,5,1,https://www.akc.org/wp-content/uploads/2017/11/Australian-Terrier-Illo-2.jpg
135,https://s3.amazonaws.com/cdn-origin-etr.akc.org/wp-content/uploads/2017/11/12221220/Clumber-Spaniel-Illo-2.jpg,Spaniels (Clumber),large,3,4,4,3,3,4,3,1,3,https://www.akc.org/wp-content/uploads/2017/11/Clumber-Spaniel-Illo-2.jpg
136,https://s3.amazonaws.com/cdn-origin-etr.akc.org/wp-content/uploads/2017/11/12220910/Lakeland-Terrier-Illo-2.jpg,Lakeland Terriers,small,3,3,5,3,3,3,3,3,2,https://www.akc.org/wp-content/uploads/2017/11/Lakeland-Terrier-Illo-2.jpg
137,https://s3.amazonaws.com/cdn-origin-etr.akc.org/wp-content/uploads/2017/11/12221431/Bluetick-Coonhound-Illo-2.jpg,Bluetick Coonhounds,large,4,4,3,3,5,3,2,4,3,https://www.akc.org/wp-content/uploads/2017/11/Bluetick-Coonhound-Illo-2.jpg
138,https://s3.amazonaws.com/cdn-origin-etr.akc.org/wp-content/uploads/2017/11/12221619/English-Toy-Spaniel-Illo-2.jpg,English Toy Spaniels,small,3,3,5,5,5,3,3,2,3,https://www.akc.org/wp-content/uploads/2017/11/English-Toy-Spaniel-Illo-2.jpg
139,https://s3.amazonaws.com/cdn-origin-etr.akc.org/wp-content/uploads/2017/11/12221447/German-Pinscher-Illo-2.jpg,German Pinschers,medium,5,5,5,3,3,3,4,3,3,https://www.akc.org/wp-content/uploads/2017/11/German-Pinscher-Illo-2.jpg
140,https://s3.amazonaws.com/cdn-origin-etr.akc.org/wp-content/uploads/2017/11/12221052/Tibetan-Mastiff-Illo.jpg,Tibetan Mastiffs,large,3,3,4,3,3,1,5,3,4,https://www.akc.org/wp-content/uploads/2017/11/Tibetan-Mastiff-Illo.jpg
141,https://s3.amazonaws.com/cdn-origin-etr.akc.org/wp-content/uploads/2017/11/12221622/Bedlington-Terrier-Illo-2.jpg,Bedlington Terriers,small,4,3,3,3,3,3,4,3,1,https://www.akc.org/wp-content/uploads/2017/11/Bedlington-Terrier-Illo-2.jpg
142,https://s3.amazonaws.com/cdn-origin-etr.akc.org/wp-content/uploads/2017/11/12221710/Greyhound-Illo-2.jpg,Greyhounds,large,4,3,4,3,4,3,3,3,2,https://www.akc.org/wp-content/uploads/2017/11/Greyhound-Illo-2.jpg
143,https://s3.amazonaws.com/cdn-origin-etr.akc.org/wp-content/uploads/2017/11/12221153/Puli-Illo-2.jpg,Pulik,small,3,5,5,3,3,3,5,3,1,https://www.akc.org/wp-content/uploads/2017/11/Puli-Illo-2.jpg
144,https://s3.amazonaws.com/cdn-origin-etr.akc.org/wp-content/uploads/2017/11/12220831/Saluki-Illo-2.jpg,Salukis,large,4,3,5,3,3,3,1,3,2,https://www.akc.org/wp-content/uploads/2017/11/Saluki-Illo-2.jpg
145,https://s3.amazonaws.com/cdn-origin-etr.akc.org/wp-content/uploads/2017/11/24164231/Barbet-illustration.jpg,Barbets,large,3,4,4,5,5,3,3,3,1,https://www.akc.org/wp-content/uploads/2017/11/Barbet-illustration.jpg
146,https://s3.amazonaws.com/cdn-origin-etr.akc.org/wp-content/uploads/2017/11/12221025/Redbone-Coonhound-Illo-2.jpg,Redbone Coonhounds,large,3,3,5,5,5,3,3,4,3,https://www.akc.org/wp-content/uploads/2017/11/Redbone-Coonhound-Illo-2.jpg
147,https://s3.amazonaws.com/cdn-origin-etr.akc.org/wp-content/uploads/2017/11/12221045/Swedish-Vallhund-Illo.jpg,Swedish Vallhunds,small,4,4,5,5,3,3,3,3,4,https://www.akc.org/wp-content/uploads/2017/11/Swedish-Vallhund-Illo.jpg
148,https://s3.amazonaws.com/cdn-origin-etr.akc.org/wp-content/uploads/2017/11/12220756/Sealyham-Terrier-Illo-3.jpg,Sealyham Terriers,small,3,4,5,3,3,4,5,4,3,https://www.akc.org/wp-content/uploads/2017/11/Sealyham-Terrier-Illo-3.jpg
149,https://s3.amazonaws.com/cdn-origin-etr.akc.org/wp-content/uploads/2017/11/12221017/Spanish-Water-Dog-Illo-2.jpg,Spanish Water Dogs,medium,4,4,5,4,3,3,3,3,1,https://www.akc.org/wp-content/uploads/2017/11/Spanish-Water-Dog-Illo-2.jpg
150,https://s3.amazonaws.com/cdn-origin-etr.akc.org/wp-content/uploads/2017/11/12221624/Briard-Illo-2.jpg,Briards,medium,3,3,3,3,3,3,4,1,1,https://www.akc.org/wp-content/uploads/2017/11/Briard-Illo-2.jpg
151,https://s3.amazonaws.com/cdn-origin-etr.akc.org/wp-content/uploads/2017/11/30173927/Berger-Picard-illustration.jpg,Berger Picards,large,4,4,3,3,3,3,4,2,3,https://www.akc.org/wp-content/uploads/2017/11/Berger-Picard-illustration.jpg
152,https://s3.amazonaws.com/cdn-origin-etr.akc.org/wp-content/uploads/2017/11/21120523/Entlebucher-Mountain-Dog-illustration.jpg,Entlebucher Mountain Dogs,large,5,3,5,3,5,3,5,3,3,https://www.akc.org/wp-content/uploads/2017/11/Entlebucher-Mountain-Dog-illustration.jpg
153,https://s3.amazonaws.com/cdn-origin-etr.akc.org/wp-content/uploads/2017/11/12221132/Treeing-Walker-Coonhound-Illo.jpg,Treeing Walker Coonhounds,large,5,5,5,5,5,3,3,4,3,https://www.akc.org/wp-content/uploads/2017/11/Treeing-Walker-Coonhound-Illo.jpg
154,https://s3.amazonaws.com/cdn-origin-etr.akc.org/wp-content/uploads/2017/11/12221229/Icelandic-Sheepdog-Illo-2.jpg,Icelandic Sheepdogs,small,4,5,5,5,4,3,4,4,3,https://www.akc.org/wp-content/uploads/2017/11/Icelandic-Sheepdog-Illo-2.jpg
155,https://s3.amazonaws.com/cdn-origin-etr.akc.org/wp-content/uploads/2017/11/12221248/Wirehaired-Vizsla-Illo-2.jpg,Wirehaired Vizslas,large,5,5,5,5,3,5,3,3,3,https://www.akc.org/wp-content/uploads/2017/11/Wirehaired-Vizsla-Illo-2.jpg
156,https://s3.amazonaws.com/cdn-origin-etr.akc.org/wp-content/uploads/2017/11/12215821/Pumi-Illo-2.jpg,Pumik,small,5,5,5,3,3,3,4,3,1,https://www.akc.org/wp-content/uploads/2017/11/Pumi-Illo-2.jpg
157,https://s3.amazonaws.com/cdn-origin-etr.akc.org/wp-content/uploads/2017/11/12215821/Pumi-Illo-2.jpg,Portuguese Podengo Pequenos,large,4,3,5,5,5,3,3,3,3,https://www.akc.org/wp-content/uploads/2017/11/Pumi-Illo-2.jpg
158,https://s3.amazonaws.com/cdn-origin-etr.akc.org/wp-content/uploads/2017/11/12220741/American-Water-Spaniel-Illo-2.jpg,Spaniels (American Water),medium,3,5,3,3,3,3,3,3,1,https://www.akc.org/wp-content/uploads/2017/11/American-Water-Spaniel-Illo-2.jpg
159,https://s3.amazonaws.com/cdn-origin-etr.akc.org/wp-content/uploads/2017/11/30182559/Curly-Coated-Retriever-illustration.jpg,Retrievers (Curly-Coated),x-large,4,4,5,5,3,3,4,3,2,https://www.akc.org/wp-content/uploads/2017/11/Curly-Coated-Retriever-illustration.jpg
160,https://s3.amazonaws.com/cdn-origin-etr.akc.org/wp-content/uploads/2017/11/12221544/Field-Spaniel-Illo-2.jpg,Spaniels (Field),medium,3,5,5,5,4,4,3,3,3,https://www.akc.org/wp-content/uploads/2017/11/Field-Spaniel-Illo-2.jpg
161,https://s3.amazonaws.com/cdn-origin-etr.akc.org/wp-content/uploads/2017/11/12221615/Lowchen-Illo.jpg,Lowchen,small,3,4,5,5,3,3,4,3,2,https://www.akc.org/wp-content/uploads/2017/11/Lowchen-Illo.jpg
162,https://s3.amazonaws.com/cdn-origin-etr.akc.org/wp-content/uploads/2017/11/09124306/nederlandse_kooikerhondje_illustration.jpg,Nederlandse Kooikerhondjes,small,4,5,5,3,3,4,3,3,3,https://www.akc.org/wp-content/uploads/2017/11/nederlandse_kooikerhondje_illustration.jpg
163,https://s3.amazonaws.com/cdn-origin-etr.akc.org/wp-content/uploads/2017/11/30164148/Affenpinscher-illustration.jpg,Affenpinschers,small,3,3,3,3,3,5,3,3,3,https://www.akc.org/wp-content/uploads/2017/11/Affenpinscher-illustration.jpg
164,https://s3.amazonaws.com/cdn-origin-etr.akc.org/wp-content/uploads/2017/11/12221111/Petit-Basset-Griffon-Vendee-Illo.jpg,Petits Bassets Griffons Vendeens,medium,4,3,4,5,5,4,4,5,2,https://www.akc.org/wp-content/uploads/2017/11/Petit-Basset-Griffon-Vendee-Illo.jpg
165,https://s3.amazonaws.com/cdn-origin-etr.akc.org/wp-content/uploads/2017/11/12221532/Finnish-Lapphund-Illo-2.jpg,Finnish Lapphunds,medium,3,4,5,4,3,4,3,5,4,https://www.akc.org/wp-content/uploads/2017/11/Finnish-Lapphund-Illo-2.jpg
166,https://s3.amazonaws.com/cdn-origin-etr.akc.org/wp-content/uploads/2017/11/12220822/Scottish-Deerhound-Illo-2.jpg,Scottish Deerhounds,x-large,3,3,5,3,5,3,3,1,3,https://www.akc.org/wp-content/uploads/2017/11/Scottish-Deerhound-Illo-2.jpg
167,https://s3.amazonaws.com/cdn-origin-etr.akc.org/wp-content/uploads/2017/11/12221103/Plott-Illo-2.jpg,Plott Hounds,medium,4,4,5,3,5,4,4,4,2,https://www.akc.org/wp-content/uploads/2017/11/Plott-Illo-2.jpg
168,https://s3.amazonaws.com/cdn-origin-etr.akc.org/wp-content/uploads/2017/11/12220849/Norwegian-Buhund-Illo-2.jpg,Norwegian Buhunds,medium,4,3,5,3,3,3,4,4,3,https://www.akc.org/wp-content/uploads/2017/11/Norwegian-Buhund-Illo-2.jpg
169,https://s3.amazonaws.com/cdn-origin-etr.akc.org/wp-content/uploads/2017/11/12221331/Glen-of-Imaal-Terrier-Illo-2.jpg,Glen of Imaal Terriers,medium,3,3,5,3,3,3,3,2,2,https://www.akc.org/wp-content/uploads/2017/11/Glen-of-Imaal-Terrier-Illo-2.jpg
170,https://s3.amazonaws.com/cdn-origin-etr.akc.org/wp-content/uploads/2017/11/12221215/Irish-Red-and-White-Setter-Illo-2.jpg,Setters (Irish Red and White),medium,5,5,5,5,5,5,3,3,2,https://www.akc.org/wp-content/uploads/2017/11/Irish-Red-and-White-Setter-Illo-2.jpg
171,https://s3.amazonaws.com/cdn-origin-etr.akc.org/wp-content/uploads/2017/11/12221556/Ibizan-Hound-Illo-2.jpg,Ibizan Hounds,medium,5,3,5,3,5,3,3,3,2,https://www.akc.org/wp-content/uploads/2017/11/Ibizan-Hound-Illo-2.jpg
172,https://s3.amazonaws.com/cdn-origin-etr.akc.org/wp-content/uploads/2017/11/12221042/Sussex-Spaniel-Illo-2.jpg,Spaniels (Sussex),medium,3,4,5,3,3,3,3,3,3,https://www.akc.org/wp-content/uploads/2017/11/Sussex-Spaniel-Illo-2.jpg
173,https://s3.amazonaws.com/cdn-origin-etr.akc.org/wp-content/uploads/2017/11/12221526/Bergamasco-Illo.jpg,Bergamasco Sheepdogs,large,3,3,3,3,3,3,4,1,1,https://www.akc.org/wp-content/uploads/2017/11/Bergamasco-Illo.jpg
174,https://s3.amazonaws.com/cdn-origin-etr.akc.org/wp-content/uploads/2017/11/01130521/Irish-Water-Spaniel-illustration.jpg,Spaniels (Irish Water),large,3,5,5,3,3,3,3,1,1,https://www.akc.org/wp-content/uploads/2017/11/Irish-Water-Spaniel-illustration.jpg
175,https://s3.amazonaws.com/cdn-origin-etr.akc.org/wp-content/uploads/2017/11/12221049/Polish-Lowland-Sheepdog-Illo-2.jpg,Polish Lowland Sheepdogs,medium,3,4,5,3,3,3,5,4,2,https://www.akc.org/wp-content/uploads/2017/11/Polish-Lowland-Sheepdog-Illo-2.jpg
176,https://s3.amazonaws.com/cdn-origin-etr.akc.org/wp-content/uploads/2017/11/12220836/Otterhound-Illo-2.jpg,Otterhounds,large,3,4,5,3,3,4,3,5,2,https://www.akc.org/wp-content/uploads/2017/11/Otterhound-Illo-2.jpg
177,https://s3.amazonaws.com/cdn-origin-etr.akc.org/wp-content/uploads/2017/11/12220919/Kuvasz-Illo-2.jpg,Kuvaszok,large,3,5,5,3,3,3,5,3,3,https://www.akc.org/wp-content/uploads/2017/11/Kuvasz-Illo-2.jpg
178,https://s3.amazonaws.com/cdn-origin-etr.akc.org/wp-content/uploads/2017/11/12220922/Komondor-Illo-2.jpg,Komondorok,large,3,4,5,3,2,3,5,3,1,https://www.akc.org/wp-content/uploads/2017/11/Komondor-Illo-2.jpg
179,https://s3.amazonaws.com/cdn-origin-etr.akc.org/wp-content/uploads/2017/11/12215819/Cirneco-Dell-Etna-Illo.jpg,Cirnechi dell’Etna,small,3,4,4,3,4,3,3,2,1,https://www.akc.org/wp-content/uploads/2017/11/Cirneco-Dell-Etna-Illo.jpg
180,https://s3.amazonaws.com/cdn-origin-etr.akc.org/wp-content/uploads/2017/11/12221105/Pharaoh-Hound-Illo-2.jpg,Pharaoh Hounds,medium,4,4,5,3,5,3,3,3,3,https://www.akc.org/wp-content/uploads/2017/11/Pharaoh-Hound-Illo-2.jpg
181,https://s3.amazonaws.com/cdn-origin-etr.akc.org/wp-content/uploads/2017/11/12220700/Dandie-Dinmont-Terrier-Illo-2.jpg,Dandie Dinmont Terriers,small,3,4,4,3,3,4,4,3,2,https://www.akc.org/wp-content/uploads/2017/11/Dandie-Dinmont-Terrier-Illo-2.jpg
182,https://s3.amazonaws.com/cdn-origin-etr.akc.org/wp-content/uploads/2017/11/12221127/Pyrenean-Shepherd-Illo-2.jpg,Pyrenean Shepherds,small,5,5,5,3,3,3,5,4,3,https://www.akc.org/wp-content/uploads/2017/11/Pyrenean-Shepherd-Illo-2.jpg
183,https://s3.amazonaws.com/cdn-origin-etr.akc.org/wp-content/uploads/2017/11/12220819/Skye-Terrier-Illo.jpg,Skye Terriers,medium,3,3,5,3,3,3,3,3,3,https://www.akc.org/wp-content/uploads/2017/11/Skye-Terrier-Illo.jpg
184,https://s3.amazonaws.com/cdn-origin-etr.akc.org/wp-content/uploads/2017/11/12221508/Caanan-Dog-Illo.jpg,Canaan Dogs,medium,3,4,3,3,3,3,4,5,4,https://www.akc.org/wp-content/uploads/2017/11/Caanan-Dog-Illo.jpg
185,https://s3.amazonaws.com/cdn-origin-etr.akc.org/wp-content/uploads/2017/11/12221547/American-English-Coonhound-Illo-2.jpg,American English Coonhounds,large,4,3,3,3,5,3,3,4,2,https://www.akc.org/wp-content/uploads/2017/11/American-English-Coonhound-Illo-2.jpg
186,https://s3.amazonaws.com/cdn-origin-etr.akc.org/wp-content/uploads/2017/11/04194722/Chinook.21.jpg,Chinooks,large,3,4,4,5,5,3,4,5,3,https://www.akc.org/wp-content/uploads/2017/11/Chinook.21.jpg
187,https://s3.amazonaws.com/cdn-origin-etr.akc.org/wp-content/uploads/2017/11/12221515/Finnish-Spitz-Illo-2.jpg,Finnish Spitz,small,5,3,5,5,4,3,3,5,3,https://www.akc.org/wp-content/uploads/2017/11/Finnish-Spitz-Illo-2.jpg
188,https://s3.amazonaws.com/cdn-origin-etr.akc.org/wp-content/uploads/2017/11/09121613/GBGV-illustration.jpg,Grand Basset Griffon Vendeens,medium,5,3,5,3,4,5,3,4,3,https://www.akc.org/wp-content/uploads/2017/11/GBGV-illustration.jpg
189,https://s3.amazonaws.com/cdn-origin-etr.akc.org/wp-content/uploads/2017/11/12220925/Sloughi-Illo.jpg,Sloughis,medium,4,3,4,3,3,2,2,2,3,https://www.akc.org/wp-content/uploads/2017/11/Sloughi-Illo.jpg
190,https://s3.amazonaws.com/cdn-origin-etr.akc.org/wp-content/uploads/2017/11/12221643/Harrier-Illo-2.jpg,Harriers,medium,4,4,5,5,5,4,3,5,3,https://www.akc.org/wp-content/uploads/2017/11/Harrier-Illo-2.jpg
191,https://s3.amazonaws.com/cdn-origin-etr.akc.org/wp-content/uploads/2017/11/12221429/Cesky-Terrier-Illo-2.jpg,Cesky Terriers,small,3,3,4,5,3,4,3,3,2,https://www.akc.org/wp-content/uploads/2017/11/Cesky-Terrier-Illo-2.jpg
192,https://s3.amazonaws.com/cdn-origin-etr.akc.org/wp-content/uploads/2017/11/12221524/American-Foxhound-Illo-2.jpg,American Foxhounds,large,4,3,3,5,5,3,3,5,3,https://www.akc.org/wp-content/uploads/2017/11/American-Foxhound-Illo-2.jpg
193,https://s3.amazonaws.com/cdn-origin-etr.akc.org/wp-content/uploads/2017/11/20182745/Azawakh_illustration.bw_.1.jpg,Azawakhs,medium,3,2,3,3,3,1,3,1,2,https://www.akc.org/wp-content/uploads/2017/11/Azawakh_illustration.bw_.1.jpg
194,https://s3.amazonaws.com/cdn-origin-etr.akc.org/wp-content/uploads/2017/11/12221717/English-Foxhound-Illo-2.jpg,English Foxhounds,large,4,4,5,5,5,4,3,5,3,https://www.akc.org/wp-content/uploads/2017/11/English-Foxhound-Illo-2.jpg
195,https://s3.amazonaws.com/cdn-origin-etr.akc.org/wp-content/uploads/2017/11/12220844/Norwegian-Lundehund-Illo-2.jpg,Norwegian Lundehunds,small,3,3,3,3,3,3,3,3,3,https://www.akc.org/wp-content/uploads/2017/11/Norwegian-Lundehund-Illo-2.jpg